Pat_1,ID-PS_C,ID-SS_C,PD-PS_C,PD-SS_C
ID-PS_C,1.0,1.7419528008795703e-07,3.017378524333716e-16,3.4923663529480974e-22
ID-SS_C,1.7419528008795703e-07,1.0,7.631533557157374e-12,2.4346455909670995e-23
PD-PS_C,3.017378524333716e-16,7.631533557157374e-12,1.0,0.0016579364468552451
PD-SS_C,3.4923663529480974e-22,2.4346455909670995e-23,0.0016579364468552451,1.0
