Pat_1,ID-PS_C,ID-SS_C,PD-PS_C,PD-SS_C
ID-PS_C,0.0,5.935316976718627,11.274986602152605,15.421784581868883
ID-SS_C,-5.935316976718627,0.0,8.541409402834404,16.31484429633262
PD-PS_C,-11.274986602152605,-8.541409402834404,0.0,3.2997746367345746
PD-SS_C,-15.421784581868883,-16.31484429633262,-3.2997746367345746,0.0
